company,job-title,level
Insilico Medicine,Software Engineer,
Sundus,Front end Software Engineer,
Consensys,Software Engineer,
Sundus,Back End Software Engineer,
MODSOFT TECHNOLOGY AI DEVELOPMENT,Full Stack Developer,
Sundus,IT ENGINEER,
Dicetek LLC,Web&Backend Developer,
RIV-Capital,Full Stack Developer,
Sundus,Developer,
Sundus,Programmer,
RemotePass,Backend Engineer - UAE,
Sundus,Developers .Net,
dubizzle,Software Engineer (Python),
Sundus,Web Administrator/Developer,
Venture Holdings,Full Stack Web Developer,
Caliberly,Web Developer,
Profound Properties,Software Engineer,
Zywa (YC W22),Software Engineer,
TNC Group,React JS  Web Developer,
Sundus,Dot Net Developer,
SKYNET CORP Technology,Full Stack Developer,
VIWELL,Software Engineer - Mobile,
Halian,Frontend Developer,
Dicetek LLC,Java Developer,
Confidential,Software Developer,
Insilico Medicine,Software Engineer,
Sundus,Front end Software Engineer,
Consensys,Software Engineer,
Sundus,Back End Software Engineer,
MODSOFT TECHNOLOGY AI DEVELOPMENT,Full Stack Developer,
Sundus,IT ENGINEER,
Dicetek LLC,Web&Backend Developer,
RIV-Capital,Full Stack Developer,
Sundus,Developer,
Sundus,Programmer,
RemotePass,Backend Engineer - UAE,
Sundus,Developers .Net,
dubizzle,Software Engineer (Python),
Sundus,Web Administrator/Developer,
Venture Holdings,Full Stack Web Developer,
Caliberly,Web Developer,
Profound Properties,Software Engineer,
Zywa (YC W22),Software Engineer,
TNC Group,React JS  Web Developer,
Sundus,Dot Net Developer,
SKYNET CORP Technology,Full Stack Developer,
VIWELL,Software Engineer - Mobile,
Halian,Frontend Developer,
Dicetek LLC,Java Developer,
,,
Sundus,Front end Software Engineer,
Sundus,Back End Software Engineer,
,,
Sundus,IT ENGINEER,
Dicetek LLC,Web&Backend Developer,
Sundus,Developer,
Sundus,Programmer,
RemotePass,Backend Engineer - UAE,
Sundus,Developers .Net,
Sundus,Web Administrator/Developer,
Venture Holdings,Full Stack Web Developer,
Caliberly,Web Developer,
Zywa (YC W22),Software Engineer,
Sundus,Dot Net Developer,
VIWELL,Software Engineer - Mobile,
Halian,Frontend Developer,
Dicetek LLC,Java Developer,
Confidential,Software Developer,
Dyninno Group,Frontend Developer,
Reyada Home Health Care Services L.L.C.,Full Stack Developer  (C),
Canonical,Web Developer,
Dicetek LLC,Java Developer,
SSC Egypt,Full Stack Developer (.Net),
Ubisoft Abu Dhabi,Online Programmer,
A3malouna.com,Python Developer Dubai,
Insilico Medicine,Software Engineer,
Sundus,Front end Software Engineer,
Consensys,Software Engineer,
Sundus,Back End Software Engineer,
MODSOFT TECHNOLOGY AI DEVELOPMENT,Full Stack Developer,
Sundus,IT ENGINEER,
Dicetek LLC,Web&Backend Developer,
RIV-Capital,Full Stack Developer,
Sundus,Developer,
Sundus,Programmer,
RemotePass,Backend Engineer - UAE,
Sundus,Developers .Net,
dubizzle,Software Engineer (Python),
Sundus,Web Administrator/Developer,
Venture Holdings,Full Stack Web Developer,
Caliberly,Web Developer,
Profound Properties,Software Engineer,
Zywa (YC W22),Software Engineer,
,,
Sundus,Dot Net Developer,
VIWELL,Software Engineer - Mobile,
SKYNET CORP Technology,Full Stack Developer,
Halian,Frontend Developer,
Dicetek LLC,Java Developer,
Confidential,Software Developer,
Insilico Medicine,Software Engineer,
Sundus,Front end Software Engineer,
Consensys,Software Engineer,
Sundus,Back End Software Engineer,
MODSOFT TECHNOLOGY AI DEVELOPMENT,Full Stack Developer,
Sundus,IT ENGINEER,
Dicetek LLC,Web&Backend Developer,
RIV-Capital,Full Stack Developer,
Sundus,Developer,
Sundus,Programmer,
RemotePass,Backend Engineer - UAE,
Sundus,Developers .Net,
dubizzle,Software Engineer (Python),
Sundus,Web Administrator/Developer,
,,
Caliberly,Web Developer,
Profound Properties,Software Engineer,
Zywa (YC W22),Software Engineer,
TNC Group,React JS  Web Developer,
Sundus,Dot Net Developer,
VIWELL,Software Engineer - Mobile,
SKYNET CORP Technology,Full Stack Developer,
Halian,Frontend Developer,
Dicetek LLC,Java Developer,
Confidential,Software Developer,
Insilico Medicine,Software Engineer,
Sundus,Front end Software Engineer,
Consensys,Software Engineer,
Sundus,Back End Software Engineer,
MODSOFT TECHNOLOGY AI DEVELOPMENT,Full Stack Developer,
Sundus,IT ENGINEER,
Dicetek LLC,Web&Backend Developer,
RIV-Capital,Full Stack Developer,
Sundus,Developer,
Sundus,Programmer,
RemotePass,Backend Engineer - UAE,
Sundus,Developers .Net,
dubizzle,Software Engineer (Python),
Sundus,Web Administrator/Developer,
Venture Holdings,Full Stack Web Developer,
Caliberly,Web Developer,
Profound Properties,Software Engineer,
Zywa (YC W22),Software Engineer,
TNC Group,React JS  Web Developer,
Sundus,Dot Net Developer,
VIWELL,Software Engineer - Mobile,
SKYNET CORP Technology,Full Stack Developer,
Halian,Frontend Developer,
Dicetek LLC,Java Developer,
Confidential,Software Developer,
Sundus,Front end Software Engineer,
Sundus,Back End Software Engineer,
MODSOFT TECHNOLOGY AI DEVELOPMENT,Full Stack Developer,
Sundus,IT ENGINEER,
Dicetek LLC,Web&Backend Developer,
Sundus,Developer,
Sundus,Programmer,
RemotePass,Backend Engineer - UAE,
Sundus,Developers .Net,
Sundus,Web Administrator/Developer,
Venture Holdings,Full Stack Web Developer,
Caliberly,Web Developer,
Zywa (YC W22),Software Engineer,
Sundus,Dot Net Developer,
VIWELL,Software Engineer - Mobile,
Halian,Frontend Developer,
Dicetek LLC,Java Developer,
Confidential,Software Developer,
Dyninno Group,Frontend Developer,
Reyada Home Health Care Services L.L.C.,Full Stack Developer  (C),
Canonical,Web Developer,
Dicetek LLC,Java Developer,
SSC Egypt,Full Stack Developer (.Net),
Ubisoft Abu Dhabi,Online Programmer,
A3malouna.com,Python Developer Dubai,
Consensys,Software Engineer,
Insilico Medicine,Software Engineer,
Sundus,Front end Software Engineer,
Sundus,Back End Software Engineer,
MODSOFT TECHNOLOGY AI DEVELOPMENT,Full Stack Developer,
Sundus,IT ENGINEER,
Dicetek LLC,Web&Backend Developer,
dubizzle,Software Engineer (Python),
RIV-Capital,Full Stack Developer,
Sundus,Developer,
Sundus,Programmer,
RemotePass,Backend Engineer - UAE,
Sundus,Developers .Net,
Sundus,Web Administrator/Developer,
Venture Holdings,Full Stack Web Developer,
Caliberly,Web Developer,
Profound Properties,Software Engineer,
Snap Inc.,Solutions Engineer,
Zywa (YC W22),Software Engineer,
TNC Group,React JS  Web Developer,
Sundus,Dot Net Developer,
talabat,Software Engineer II - Backend,
VIWELL,Software Engineer - Mobile,
SKYNET CORP Technology,Full Stack Developer,
Halian,Frontend Developer,
